Keep your eyes open for our special Back to School items and save A LOT!,Halten Sie die Augen offen f?r unsere speziellen Zur?ck in die Schule Produkte und SPAREN Sie!
Productquickview,Produkt-Schnellansicht
Your Language,Ihre Sprache
"Stay up to date,""",
"Bleiben Sie up to date""",
Sign up,Registrieren
Setting,Einstellung
My Account,Mein Konto
My cart,Mein Warenkorb
Hide Filter,Filter ausblenden
Show Filter,Filter anzeigen
Sort By,Sortieren nach
description,Beschreibung
additional,zusatzlich
JMContactFormTitle,Let's Keep In Touch
JMContactFormDesc,"Ut enim ad minim veniam, quis nostrud exercitation ullamco laboris nisi ut aliquip ex ea commodo consequat"
From:,Von:
Recommended product(s),Empfohlenes Produkt (e)
You may be also like:,Sie können auch mögen werden:
Shopping Cart Total,Warenkorb Gesamt
Best Seller,Best-seller
Navigation,Navigation