JMContactFormDesc,"Ut enim ad minim veniam, quis nostrud exercitation ullamco laboris nisi ut aliquip ex ea commodo consequat"
JMContactFormTitle,Let's Keep In Touch
Keep your eyes open for our special Back to School items and save A LOT!,Keep your eyes open for our special Back to School items and save A LOT!
Productquickview,Productquickview
Your Language,Your Language
Stay up to date,Stay up to date
Sign up,Sign up
Setting,Setting
My Account,My Account
My cart,My cart
Hide Filter,Hide Filter
Show Filter,Show Filter
Sort By,Sort By
description,description
additional,additional
From:,From:
Recommended product(s),Recommended product(s)
You may be also like:,You may be also like:
Shopping Cart Total,Shopping Cart Total
